sales_price,property_class,month,day,neighborhood
350000,Dwelling,12,31,Pleasant Valley
226000,Dwelling,12,31,Pleasant Valley
305000,Dwelling,12,31,Peaceful Glen
362500,Dwelling,12,31,Pleasant Valley
190000,Dwelling,12,31,Pleasant Valley
230000,Dwelling,12,31,Quiet Hill
377500,Dwelling,12,28,Pleasant Valley
327500,Dwelling,12,28,Pleasant Valley
280000,Dwelling,12,28,Pleasant Valley
260000,Dwelling,12,28,Pleasant Valley
600000,Dwelling,12,28,Serene Creek
320544,Commercial,12,28,Pleasant Valley
350000,Dwelling,12,28,Serene Creek
450000,Dwelling,12,27,Pleasant Valley
358500,Dwelling,12,27,Pleasant Valley
182500,Dwelling,12,27,Serene Creek
347000,Dwelling,12,27,Peaceful Glen
340000,Dwelling,12,27,Pleasant Valley
462500,Dwelling,12,26,Quiet Hill
207000,Dwelling,12,26,Pleasant Valley
380000,Dwelling,12,26,Pleasant Valley
413000,Dwelling,12,26,Peaceful Glen
8000,Mobile Home,12,26,Pleasant Valley
315000,Dwelling,12,24,Serene Creek
293000,Dwelling,12,24,Serene Creek
349000,Dwelling,12,21,Peaceful Glen
479900,Dwelling,12,21,Serene Creek
389990,Dwelling,12,21,Quiet Hill
8000,Mobile Home,12,21,Pleasant Valley
215000,Dwelling,12,20,Pleasant Valley
400000,Dwelling,12,20,Peaceful Glen
125000,Dwelling,12,20,Pleasant Valley
330000,Dwelling,12,20,Quiet Hill
302700,Dwelling,12,20,Pleasant Valley
5000,Mobile Home,12,20,Pleasant Valley
550000,Commercial,12,19,Pleasant Valley
345000,Dwelling,12,17,Peaceful Glen
345000,Dwelling,12,17,Peaceful Glen
565000,Dwelling,12,17,Serene Creek
265000,Dwelling,12,17,Peaceful Glen
189015,Commercial,12,14,Quiet Hill
208200,Dwelling,12,14,Serene Creek
293000,Dwelling,12,14,Peaceful Glen
950000,Dwelling,12,14,Pleasant Valley
289000,Dwelling,12,14,Pleasant Valley
365000,Dwelling,12,14,Serene Creek
500000,Dwelling,12,14,Pleasant Valley
286900,Dwelling,12,14,Peaceful Glen
60000,Mobile Home,12,14,Quiet Hill
43000,Mobile Home,12,14,Peaceful Glen
399500,Dwelling,12,13,Serene Creek
676000,Dwelling,12,13,Pleasant Valley
550000,Dwelling,12,13,Pleasant Valley
561400,Dwelling,12,13,Pleasant Valley
271500,Dwelling,12,13,Pleasant Valley
390000,Dwelling,12,13,Peaceful Glen
528609,Dwelling,12,12,Pleasant Valley
369000,Dwelling,12,12,Pleasant Valley
265000,Mobile Home,12,12,Peaceful Glen
375000,Dwelling,12,12,Serene Creek
198000,Dwelling,12,11,Pleasant Valley
379900,Dwelling,12,11,Peaceful Glen
439000,Dwelling,12,10,Peaceful Glen
485000,Dwelling,12,10,Pleasant Valley
5200000,Commercial,12,10,Pleasant Valley
239900,Mobile Home,12,10,Quiet Hill
363000,Dwelling,12,10,Peaceful Glen
31000,Mobile Home,12,10,Quiet Hill
578800,Dwelling,12,7,Pleasant Valley
528000,Dwelling,12,7,Serene Creek
275000,Dwelling,12,7,Quiet Hill
415000,Dwelling,12,7,Pleasant Valley
526000,Dwelling,12,7,Pleasant Valley
439500,Dwelling,12,7,Pleasant Valley
259000,Dwelling,12,7,Pleasant Valley
305000,Dwelling,12,7,Pleasant Valley
310000,Dwelling,12,6,Pleasant Valley
34000,Mobile Home,12,6,Pleasant Valley
285000,Dwelling,12,5,Peaceful Glen
171000,Dwelling,12,4,Pleasant Valley
55000,Mobile Home,12,4,Pleasant Valley
342000,Dwelling,12,3,Quiet Hill
399000,Dwelling,12,3,Serene Creek
249900,Dwelling,11,30,Pleasant Valley
410000,Dwelling,11,30,Serene Creek
302500,Dwelling,11,30,Pleasant Valley
380000,Dwelling,11,30,Pleasant Valley
565000,Dwelling,11,30,Pleasant Valley
240000,Dwelling,11,30,Pleasant Valley
290000,Mobile Home,11,30,Peaceful Glen
337603,Dwelling,11,30,Serene Creek
607000,Dwelling,11,30,Pleasant Valley
365000,Dwelling,11,30,Pleasant Valley
290000,Mobile Home,11,30,Peaceful Glen
657000,Dwelling,11,29,Pleasant Valley
492000,Dwelling,11,29,Serene Creek
558000,Dwelling,11,28,Pleasant Valley
420000,Dwelling,11,28,Quiet Hill
410000,Dwelling,11,28,Peaceful Glen
292500,Dwelling,11,26,Pleasant Valley
357500,Dwelling,11,26,Pleasant Valley
430000,Dwelling,11,26,Pleasant Valley
291000,Dwelling,11,21,Serene Creek
275000,Dwelling,11,21,Serene Creek
238500,Dwelling,11,21,Pleasant Valley
260000,Dwelling,11,21,Pleasant Valley
79900,Dwelling,11,21,Quiet Hill
369000,Dwelling,11,21,Pleasant Valley
240000,Dwelling,11,21,Serene Creek
425000,Dwelling,11,21,Pleasant Valley
330000,Dwelling,11,21,Pleasant Valley
178000,Dwelling,11,21,Pleasant Valley
515000,Dwelling,11,20,Pleasant Valley
525500,Dwelling,11,20,Pleasant Valley
325000,Dwelling,11,20,Pleasant Valley
411035,Dwelling,11,20,Serene Creek
320000,Dwelling,11,19,Peaceful Glen
175000,Dwelling,11,19,Quiet Hill
302000,Dwelling,11,19,Pleasant Valley
365000,Dwelling,11,19,Pleasant Valley
364900,Dwelling,11,19,Peaceful Glen
384500,Dwelling,11,16,Pleasant Valley
316000,Dwelling,11,16,Pleasant Valley
420000,Dwelling,11,16,Peaceful Glen
359000,Dwelling,11,16,Quiet Hill
365000,Dwelling,11,15,Serene Creek
306000,Dwelling,11,15,Pleasant Valley
400000,Dwelling,11,15,Pleasant Valley
280000,Dwelling,11,15,Pleasant Valley
310000,Dwelling,11,15,Pleasant Valley
395000,Dwelling,11,15,Pleasant Valley
275000,Dwelling,11,15,Pleasant Valley
350000,Dwelling,11,15,Pleasant Valley
265000,Dwelling,11,14,Quiet Hill
169500,Dwelling,11,14,Quiet Hill
526015,Dwelling,11,14,Pleasant Valley
440000,Dwelling,11,13,Pleasant Valley
247750,Dwelling,11,13,Serene Creek
359000,Dwelling,11,13,Serene Creek
525000,Dwelling,11,13,Pleasant Valley
498000,Commercial,11,13,Serene Creek
498000,Commercial,11,13,Serene Creek
9500,Mobile Home,11,13,Serene Creek
277689,Dwelling,11,13,Peaceful Glen
359900,Dwelling,11,9,Pleasant Valley
765000,Dwelling,11,9,Peaceful Glen
355000,Dwelling,11,9,Quiet Hill
227500,Dwelling,11,8,Pleasant Valley
415000,Dwelling,11,8,Peaceful Glen
75000,Commercial,11,8,Serene Creek
340000,Dwelling,11,8,Pleasant Valley
324000,Dwelling,11,8,Quiet Hill
525000,Dwelling,11,7,Peaceful Glen
325000,Dwelling,11,6,Pleasant Valley
400000,Dwelling,11,6,Pleasant Valley
309500,Dwelling,11,6,Serene Creek
330000,Dwelling,11,6,Serene Creek
264900,Dwelling,11,6,Peaceful Glen
295000,Dwelling,11,6,Pleasant Valley
297079,Dwelling,11,5,Peaceful Glen
278000,Dwelling,11,5,Quiet Hill
298000,Dwelling,11,5,Peaceful Glen
334000,Dwelling,11,5,Serene Creek
325000,Dwelling,11,5,Pleasant Valley
39000,Mobile Home,11,4,Quiet Hill
543000,Dwelling,11,2,Pleasant Valley
59500,Mobile Home,11,2,Pleasant Valley
557000,Dwelling,11,1,Peaceful Glen
383000,Dwelling,11,1,Pleasant Valley
535500,Dwelling,11,1,Pleasant Valley
8800,Mobile Home,11,1,Serene Creek
12000,Mobile Home,11,1,Serene Creek
135000,Dwelling,10,31,Quiet Hill
349900,Dwelling,10,31,Pleasant Valley
434500,Dwelling,10,31,Pleasant Valley
444000,Dwelling,10,31,Pleasant Valley
270000,Dwelling,10,31,Pleasant Valley
525000,Dwelling,10,31,Pleasant Valley
265000,Dwelling,10,31,Serene Creek
250000,Dwelling,10,31,Pleasant Valley
477500,Dwelling,10,31,Peaceful Glen
405000,Dwelling,10,31,Serene Creek
200000,Dwelling,10,31,Peaceful Glen
487000,Dwelling,10,31,Quiet Hill
260000,Dwelling,10,31,Serene Creek
259000,Dwelling,10,31,Pleasant Valley
342000,Dwelling,10,31,Pleasant Valley
176220,Dwelling,10,30,Pleasant Valley
360000,Dwelling,10,30,Peaceful Glen
335000,Dwelling,10,30,Pleasant Valley
315000,Dwelling,10,30,Peaceful Glen
309500,Dwelling,10,30,Quiet Hill
390000,Commercial,10,29,Pleasant Valley
200000,Dwelling,10,29,Pleasant Valley
281000,Dwelling,10,29,Pleasant Valley
274500,Dwelling,10,29,Peaceful Glen
178900,Dwelling,10,29,Pleasant Valley
417900,Dwelling,10,29,Quiet Hill
237500,Dwelling,10,29,Peaceful Glen
225000,Dwelling,10,29,Peaceful Glen
326901,Dwelling,10,26,Pleasant Valley
250000,Dwelling,10,26,Serene Creek
377000,Dwelling,10,26,Peaceful Glen
260000,Dwelling,10,26,Peaceful Glen
189900,Dwelling,10,26,Serene Creek
37000,Mobile Home,10,26,Pleasant Valley
675000,Dwelling,10,25,Pleasant Valley
268900,Dwelling,10,25,Pleasant Valley
334900,Dwelling,10,25,Peaceful Glen
426000,Dwelling,10,25,Serene Creek
305000,Dwelling,10,24,Pleasant Valley
329185,Dwelling,10,24,Pleasant Valley
415840,Dwelling,10,24,Pleasant Valley
362500,Dwelling,10,24,Serene Creek
315000,Dwelling,10,24,Serene Creek
330000,Dwelling,10,24,Serene Creek
410000,Dwelling,10,24,Pleasant Valley
362000,Dwelling,10,22,Pleasant Valley
425000,Commercial,10,22,Serene Creek
593400,Dwelling,10,22,Peaceful Glen
340000,Dwelling,10,22,Pleasant Valley
438000,Dwelling,10,22,Pleasant Valley
565000,Dwelling,10,19,Peaceful Glen
451500,Dwelling,10,19,Peaceful Glen
145000,Dwelling,10,19,Quiet Hill
409900,Dwelling,10,19,Peaceful Glen
460000,Dwelling,10,19,Pleasant Valley
345500,Dwelling,10,19,Pleasant Valley
360000,Dwelling,10,19,Quiet Hill
275000,Dwelling,10,18,Pleasant Valley
450000,Dwelling,10,18,Pleasant Valley
350000,Dwelling,10,18,Peaceful Glen
3400000,Commercial,10,18,Pleasant Valley
3400000,Commercial,10,18,Pleasant Valley
375000,Dwelling,10,17,Peaceful Glen
520000,Dwelling,10,17,Peaceful Glen
460000,Dwelling,10,17,Pleasant Valley
940250,Commercial,10,17,Pleasant Valley
420000,Dwelling,10,16,Pleasant Valley
415000,Dwelling,10,16,Peaceful Glen
105000,Dwelling,10,16,Quiet Hill
218000,Dwelling,10,15,Quiet Hill
582500,Dwelling,10,15,Serene Creek
582500,Dwelling,10,15,Serene Creek
307000,Dwelling,10,15,Serene Creek
280000,Dwelling,10,15,Pleasant Valley
15000,Mobile Home,10,15,Serene Creek
415000,Dwelling,10,12,Peaceful Glen
309000,Dwelling,10,12,Pleasant Valley
347000,Dwelling,10,12,Peaceful Glen
430000,Dwelling,10,12,Pleasant Valley
310000,Dwelling,10,11,Pleasant Valley
205000,Dwelling,10,11,Serene Creek
321000,Dwelling,10,10,Pleasant Valley
331700,Dwelling,10,10,Pleasant Valley
270500,Dwelling,10,9,Pleasant Valley
290000,Dwelling,10,9,Serene Creek
70000,Dwelling,10,9,Peaceful Glen
286500,Dwelling,10,9,Serene Creek
15000,Mobile Home,10,8,Pleasant Valley
10000,Mobile Home,10,8,Pleasant Valley
465000,Dwelling,10,5,Pleasant Valley
327500,Dwelling,10,5,Peaceful Glen
136000,Dwelling,10,5,Peaceful Glen
514900,Dwelling,10,5,Pleasant Valley
325000,Dwelling,10,5,Peaceful Glen
160000,Dwelling,10,5,Quiet Hill
510000,Dwelling,10,5,Peaceful Glen
100000,Dwelling,10,4,Serene Creek
300000,Dwelling,10,4,Serene Creek
549900,Dwelling,10,3,Pleasant Valley
386062,Dwelling,10,3,Serene Creek
125000,Mobile Home,10,3,Pleasant Valley
65000,Mobile Home,10,3,Quiet Hill
65000,Mobile Home,10,3,Quiet Hill
515000,Dwelling,10,2,Quiet Hill
569000,Dwelling,10,2,Serene Creek
425000,Dwelling,10,2,Pleasant Valley
363000,Dwelling,10,2,Pleasant Valley
335000,Dwelling,10,2,Peaceful Glen
810000,Dwelling,10,2,Peaceful Glen
211500,Dwelling,10,2,Serene Creek
1450000,Commercial,10,2,Serene Creek
627000,Dwelling,10,1,Pleasant Valley
381000,Dwelling,10,1,Pleasant Valley
733000,Dwelling,10,1,Serene Creek
330000,Dwelling,10,1,Quiet Hill
268500,Dwelling,10,1,Peaceful Glen
350000,Commercial,9,28,Serene Creek
440000,Dwelling,9,28,Pleasant Valley
435000,Dwelling,9,28,Pleasant Valley
310000,Dwelling,9,28,Pleasant Valley
417500,Dwelling,9,28,Pleasant Valley
120863,Dwelling,9,28,Pleasant Valley
320000,Dwelling,9,28,Pleasant Valley
520000,Dwelling,9,28,Pleasant Valley
440000,Dwelling,9,28,Serene Creek
259900,Dwelling,9,28,Pleasant Valley
510200,Dwelling,9,28,Pleasant Valley
328000,Dwelling,9,28,Pleasant Valley
8000,Mobile Home,9,28,Serene Creek
358000,Dwelling,9,27,Pleasant Valley
380000,Dwelling,9,27,Pleasant Valley
285000,Dwelling,9,27,Serene Creek
375474,Dwelling,9,27,Serene Creek
222000,Dwelling,9,27,Pleasant Valley
395000,Dwelling,9,27,Pleasant Valley
356000,Dwelling,9,27,Serene Creek
55860,Dwelling,9,26,Pleasant Valley
699500,Dwelling,9,26,Peaceful Glen
372000,Dwelling,9,26,Pleasant Valley
285000,Dwelling,9,26,Pleasant Valley
375000,Dwelling,9,26,Pleasant Valley
182500,Mobile Home,9,26,Quiet Hill
463500,Dwelling,9,26,Pleasant Valley
300000,Dwelling,9,26,Quiet Hill
226000,Dwelling,9,25,Pleasant Valley
455000,Dwelling,9,25,Peaceful Glen
335000,Dwelling,9,25,Pleasant Valley
289000,Dwelling,9,25,Peaceful Glen
250000,Dwelling,9,25,Peaceful Glen
584900,Dwelling,9,24,Pleasant Valley
252500,Dwelling,9,24,Pleasant Valley
60000,Dwelling,9,24,Peaceful Glen
454450,Dwelling,9,21,Peaceful Glen
399000,Dwelling,9,21,Serene Creek
319000,Dwelling,9,21,Peaceful Glen
209000,Dwelling,9,21,Pleasant Valley
212000,Dwelling,9,20,Serene Creek
296000,Dwelling,9,20,Pleasant Valley
325000,Dwelling,9,20,Pleasant Valley
350000,Dwelling,9,20,Pleasant Valley
280000,Dwelling,9,20,Pleasant Valley
558825,Dwelling,9,19,Pleasant Valley
385240,Dwelling,9,19,Pleasant Valley
320000,Dwelling,9,19,Serene Creek
421000,Dwelling,9,18,Pleasant Valley
204000,Dwelling,9,18,Pleasant Valley
385454,Dwelling,9,18,Serene Creek
290400,Dwelling,9,18,Quiet Hill
355000,Dwelling,9,18,Pleasant Valley
225000,Dwelling,9,17,Peaceful Glen
596000,Dwelling,9,17,Pleasant Valley
200000,Dwelling,9,17,Quiet Hill
340000,Dwelling,9,17,Serene Creek
515000,Dwelling,9,17,Serene Creek
504500,Dwelling,9,17,Pleasant Valley
1000000,Commercial,9,17,Quiet Hill
1000000,Commercial,9,17,Quiet Hill
105000,Dwelling,9,14,Serene Creek
260000,Dwelling,9,14,Pleasant Valley
250000,Dwelling,9,14,Peaceful Glen
379900,Dwelling,9,14,Pleasant Valley
365000,Dwelling,9,14,Peaceful Glen
370000,Dwelling,9,14,Pleasant Valley
300000,Dwelling,9,14,Serene Creek
340000,Dwelling,9,14,Peaceful Glen
85000,Mobile Home,9,14,Pleasant Valley
130000,Mobile Home,9,14,Pleasant Valley
352000,Dwelling,9,13,Serene Creek
344000,Dwelling,9,13,Quiet Hill
950000,Dwelling,9,13,Peaceful Glen
247000,Dwelling,9,13,Pleasant Valley
407000,Dwelling,9,13,Quiet Hill
416000,Dwelling,9,13,Serene Creek
130500,Dwelling,9,12,Serene Creek
540000,Dwelling,9,12,Serene Creek
410000,Commercial,9,12,Pleasant Valley
287500,Dwelling,9,12,Serene Creek
240000,Commercial,9,12,Quiet Hill
295000,Dwelling,9,11,Serene Creek
60000,Dwelling,9,11,Peaceful Glen
189900,Dwelling,9,11,Pleasant Valley
785000,Dwelling,9,11,Pleasant Valley
255000,Dwelling,9,10,Quiet Hill
459000,Dwelling,9,10,Pleasant Valley
375000,Dwelling,9,10,Quiet Hill
422000,Dwelling,9,10,Pleasant Valley
940000,Dwelling,9,10,Pleasant Valley
367500,Dwelling,9,10,Serene Creek
265000,Dwelling,9,10,Pleasant Valley
272000,Dwelling,9,10,Serene Creek
668000,Dwelling,9,7,Serene Creek
401100,Dwelling,9,7,Serene Creek
589500,Dwelling,9,7,Pleasant Valley
279300,Dwelling,9,7,Serene Creek
236000,Dwelling,9,7,Quiet Hill
347000,Dwelling,9,7,Pleasant Valley
489000,Dwelling,9,6,Pleasant Valley
549900,Dwelling,9,6,Pleasant Valley
265000,Dwelling,9,6,Serene Creek
330000,Dwelling,9,6,Pleasant Valley
267000,Dwelling,9,6,Serene Creek
551000,Dwelling,9,6,Serene Creek
186800,Dwelling,9,5,Pleasant Valley
556000,Dwelling,9,5,Serene Creek
275000,Dwelling,9,5,Pleasant Valley
395000,Dwelling,9,5,Peaceful Glen
392887,Dwelling,9,5,Serene Creek
320000,Dwelling,9,5,Pleasant Valley
400000,Dwelling,9,4,Peaceful Glen
210000,Dwelling,9,4,Pleasant Valley
409000,Dwelling,9,4,Serene Creek
325000,Dwelling,9,4,Pleasant Valley
218000,Dwelling,9,4,Serene Creek
380000,Dwelling,9,4,Pleasant Valley
22500,Mobile Home,9,4,Pleasant Valley
8000,Mobile Home,9,1,Pleasant Valley
15000,Mobile Home,9,1,Pleasant Valley
633000,Commercial,8,31,Serene Creek
510000,Dwelling,8,31,Peaceful Glen
430000,Dwelling,8,31,Pleasant Valley
428000,Dwelling,8,31,Pleasant Valley
286000,Dwelling,8,31,Peaceful Glen
218000,Dwelling,8,31,Pleasant Valley
349900,Dwelling,8,31,Peaceful Glen
315000,Dwelling,8,31,Pleasant Valley
725000,Dwelling,8,31,Pleasant Valley
875000,Dwelling,8,31,Pleasant Valley
367500,Dwelling,8,31,Serene Creek
675000,Commercial,8,31,Quiet Hill
339190,Dwelling,8,31,Pleasant Valley
399000,Dwelling,8,30,Quiet Hill
362500,Dwelling,8,30,Pleasant Valley
285000,Dwelling,8,30,Pleasant Valley
385000,Dwelling,8,30,Peaceful Glen
333000,Dwelling,8,30,Pleasant Valley
426000,Dwelling,8,30,Serene Creek
270000,Dwelling,8,30,Pleasant Valley
218000,Dwelling,8,30,Pleasant Valley
335000,Dwelling,8,30,Peaceful Glen
380000,Dwelling,8,30,Pleasant Valley
435000,Dwelling,8,29,Serene Creek
264000,Dwelling,8,29,Pleasant Valley
314000,Dwelling,8,29,Peaceful Glen
345000,Dwelling,8,29,Pleasant Valley
345000,Dwelling,8,29,Peaceful Glen
364000,Dwelling,8,29,Pleasant Valley
352100,Dwelling,8,28,Serene Creek
21900,Mobile Home,8,28,Pleasant Valley
394500,Dwelling,8,27,Serene Creek
299900,Dwelling,8,27,Peaceful Glen
560000,Dwelling,8,27,Pleasant Valley
301000,Dwelling,8,27,Serene Creek
510000,Dwelling,8,27,Pleasant Valley
220000,Dwelling,8,27,Pleasant Valley
525000,Dwelling,8,27,Pleasant Valley
281000,Dwelling,8,27,Quiet Hill
12000,Mobile Home,8,27,Pleasant Valley
485000,Dwelling,8,24,Peaceful Glen
517600,Dwelling,8,24,Pleasant Valley
140000,Dwelling,8,23,Quiet Hill
368000,Dwelling,8,23,Serene Creek
410000,Dwelling,8,23,Serene Creek
265000,Dwelling,8,23,Quiet Hill
400000,Dwelling,8,23,Peaceful Glen
367800,Dwelling,8,23,Pleasant Valley
376000,Dwelling,8,23,Pleasant Valley
445100,Dwelling,8,23,Peaceful Glen
360000,Dwelling,8,23,Quiet Hill
349000,Dwelling,8,23,Pleasant Valley
510000,Dwelling,8,23,Peaceful Glen
525000,Dwelling,8,22,Pleasant Valley
275000,Dwelling,8,22,Serene Creek
325000,Dwelling,8,22,Serene Creek
455000,Dwelling,8,22,Serene Creek
230000,Dwelling,8,21,Serene Creek
90000,Mobile Home,8,21,Pleasant Valley
364000,Dwelling,8,20,Peaceful Glen
650000,Dwelling,8,20,Pleasant Valley
255000,Dwelling,8,20,Peaceful Glen
335000,Dwelling,8,20,Quiet Hill
415000,Dwelling,8,20,Serene Creek
345000,Dwelling,8,20,Serene Creek
40000,Mobile Home,8,20,Pleasant Valley
460000,Mobile Home,8,17,Serene Creek
1000000,Commercial,8,17,Pleasant Valley
330000,Dwelling,8,17,Serene Creek
250000,Dwelling,8,17,Peaceful Glen
416800,Dwelling,8,17,Serene Creek
405000,Dwelling,8,17,Peaceful Glen
325000,Dwelling,8,17,Serene Creek
470000,Dwelling,8,17,Pleasant Valley
360000,Dwelling,8,17,Quiet Hill
561000,Dwelling,8,17,Pleasant Valley
285000,Dwelling,8,17,Pleasant Valley
450000,Dwelling,8,17,Pleasant Valley
75000,Mobile Home,8,17,Pleasant Valley
302000,Dwelling,8,16,Peaceful Glen
350000,Dwelling,8,16,Peaceful Glen
410000,Dwelling,8,16,Serene Creek
219000,Dwelling,8,16,Serene Creek
261553,Dwelling,8,16,Serene Creek
310000,Dwelling,8,15,Pleasant Valley
195000,Dwelling,8,15,Serene Creek
444900,Dwelling,8,15,Serene Creek
356000,Dwelling,8,15,Pleasant Valley
375000,Dwelling,8,15,Pleasant Valley
220000,Dwelling,8,15,Quiet Hill
269900,Dwelling,8,15,Serene Creek
608000,Dwelling,8,15,Pleasant Valley
349900,Dwelling,8,14,Serene Creek
182000,Dwelling,8,14,Quiet Hill
415000,Dwelling,8,14,Peaceful Glen
595000,Dwelling,8,14,Pleasant Valley
415000,Dwelling,8,13,Pleasant Valley
291500,Dwelling,8,13,Pleasant Valley
300000,Dwelling,8,13,Peaceful Glen
270000,Dwelling,8,13,Quiet Hill
421000,Dwelling,8,13,Serene Creek
319900,Dwelling,8,10,Peaceful Glen
450000,Dwelling,8,10,Quiet Hill
119000,Dwelling,8,10,Serene Creek
290000,Dwelling,8,10,Serene Creek
214500,Dwelling,8,10,Serene Creek
335000,Dwelling,8,10,Serene Creek
302000,Dwelling,8,10,Pleasant Valley
390000,Dwelling,8,10,Quiet Hill
550000,Dwelling,8,10,Peaceful Glen
235000,Dwelling,8,10,Pleasant Valley
280000,Dwelling,8,10,Pleasant Valley
689000,Dwelling,8,10,Quiet Hill
450000,Mobile Home,8,10,Quiet Hill
67000,Mobile Home,8,10,Pleasant Valley
322000,Dwelling,8,9,Peaceful Glen
378000,Dwelling,8,9,Pleasant Valley
100000,Mobile Home,8,9,Pleasant Valley
557000,Dwelling,8,8,Pleasant Valley
332500,Dwelling,8,8,Peaceful Glen
217000,Dwelling,8,8,Serene Creek
628000,Dwelling,8,8,Peaceful Glen
8000,Dwelling,8,8,Pleasant Valley
358000,Dwelling,8,8,Peaceful Glen
380000,Dwelling,8,8,Pleasant Valley
28500,Mobile Home,8,8,Pleasant Valley
310000,Dwelling,8,7,Serene Creek
356400,Dwelling,8,7,Pleasant Valley
258000,Dwelling,8,7,Quiet Hill
493000,Dwelling,8,7,Quiet Hill
408000,Dwelling,8,7,Serene Creek
323000,Dwelling,8,7,Pleasant Valley
287800,Dwelling,8,6,Serene Creek
367000,Dwelling,8,6,Serene Creek
5000,Mobile Home,8,6,Pleasant Valley
15000,Mobile Home,8,6,Pleasant Valley
299900,Dwelling,8,3,Peaceful Glen
190000,Dwelling,8,3,Quiet Hill
380000,Dwelling,8,3,Pleasant Valley
339500,Dwelling,8,3,Peaceful Glen
480000,Dwelling,8,3,Serene Creek
340000,Dwelling,8,3,Serene Creek
394500,Dwelling,8,3,Pleasant Valley
283400,Dwelling,8,3,Peaceful Glen
495000,Dwelling,8,2,Pleasant Valley
405000,Dwelling,8,2,Serene Creek
113500,Dwelling,8,2,Serene Creek
298000,Dwelling,8,2,Peaceful Glen
365000,Dwelling,8,1,Serene Creek
57000,Commercial,8,1,Serene Creek
184900,Dwelling,8,1,Peaceful Glen
441675,Dwelling,8,1,Serene Creek
80000,Dwelling,8,1,Peaceful Glen
394000,Dwelling,8,1,Pleasant Valley
345000,Dwelling,8,1,Peaceful Glen
450000,Dwelling,7,31,Quiet Hill
416917,Dwelling,7,31,Serene Creek
545875,Dwelling,7,31,Pleasant Valley
431000,Dwelling,7,31,Peaceful Glen
440000,Dwelling,7,31,Serene Creek
231500,Dwelling,7,31,Quiet Hill
340000,Commercial,7,31,Pleasant Valley
235000,Dwelling,7,31,Peaceful Glen
295900,Dwelling,7,31,Peaceful Glen
235000,Dwelling,7,31,Pleasant Valley
629000,Dwelling,7,31,Quiet Hill
231500,Dwelling,7,31,Pleasant Valley
20000,Mobile Home,7,31,Pleasant Valley
238510,Dwelling,7,30,Quiet Hill
550500,Dwelling,7,30,Pleasant Valley
379000,Dwelling,7,30,Pleasant Valley
420000,Dwelling,7,30,Peaceful Glen
618000,Dwelling,7,30,Quiet Hill
500000,Dwelling,7,30,Serene Creek
307000,Dwelling,7,30,Serene Creek
450000,Dwelling,7,30,Pleasant Valley
450000,Dwelling,7,27,Pleasant Valley
300000,Dwelling,7,27,Serene Creek
610000,Dwelling,7,27,Quiet Hill
250000,Dwelling,7,27,Serene Creek
300000,Dwelling,7,27,Pleasant Valley
323775,Dwelling,7,27,Peaceful Glen
485950,Dwelling,7,27,Pleasant Valley
404200,Dwelling,7,27,Pleasant Valley
65000,Mobile Home,7,27,Pleasant Valley
450000,Dwelling,7,26,Peaceful Glen
205000,Dwelling,7,26,Serene Creek
265000,Dwelling,7,26,Pleasant Valley
315000,Dwelling,7,26,Pleasant Valley
370000,Dwelling,7,25,Pleasant Valley
312661,Dwelling,7,25,Pleasant Valley
299000,Dwelling,7,25,Serene Creek
595000,Dwelling,7,25,Pleasant Valley
499000,Dwelling,7,25,Peaceful Glen
3900000,Dwelling,7,25,Quiet Hill
209000,Dwelling,7,24,Pleasant Valley
455000,Dwelling,7,24,Pleasant Valley
400000,Dwelling,7,24,Peaceful Glen
1210000,Commercial,7,24,Pleasant Valley
390000,Dwelling,7,24,Serene Creek
549999,Dwelling,7,24,Pleasant Valley
315000,Dwelling,7,23,Pleasant Valley
370000,Dwelling,7,23,Pleasant Valley
85500,Dwelling,7,23,Quiet Hill
595000,Dwelling,7,23,Peaceful Glen
299500,Dwelling,7,20,Peaceful Glen
390000,Dwelling,7,20,Serene Creek
479000,Dwelling,7,20,Serene Creek
525000,Dwelling,7,20,Peaceful Glen
380000,Dwelling,7,20,Serene Creek
239000,Dwelling,7,20,Serene Creek
391000,Dwelling,7,20,Pleasant Valley
447500,Dwelling,7,20,Pleasant Valley
750000,Dwelling,7,20,Quiet Hill
390000,Dwelling,7,19,Pleasant Valley
525000,Dwelling,7,19,Peaceful Glen
281000,Dwelling,7,19,Pleasant Valley
189900,Dwelling,7,19,Pleasant Valley
650000,Dwelling,7,19,Pleasant Valley
190000,Dwelling,7,19,Pleasant Valley
495995,Dwelling,7,18,Peaceful Glen
350000,Dwelling,7,18,Pleasant Valley
255000,Dwelling,7,18,Peaceful Glen
255000,Dwelling,7,17,Quiet Hill
792000,Dwelling,7,17,Serene Creek
344500,Dwelling,7,17,Serene Creek
325000,Dwelling,7,17,Pleasant Valley
375000,Dwelling,7,17,Quiet Hill
160000,Mobile Home,7,17,Quiet Hill
225000,Dwelling,7,16,Pleasant Valley
420000,Dwelling,7,16,Serene Creek
200000,Dwelling,7,16,Serene Creek
18000,Mobile Home,7,15,Pleasant Valley
157500,Dwelling,7,13,Pleasant Valley
394900,Dwelling,7,13,Serene Creek
261000,Dwelling,7,13,Peaceful Glen
275000,Dwelling,7,13,Peaceful Glen
285000,Dwelling,7,13,Serene Creek
500000,Commercial,7,13,Pleasant Valley
490000,Dwelling,7,12,Serene Creek
287000,Dwelling,7,12,Serene Creek
380000,Dwelling,7,12,Serene Creek
399000,Dwelling,7,12,Serene Creek
338000,Dwelling,7,12,Serene Creek
340000,Dwelling,7,12,Pleasant Valley
245300,Dwelling,7,12,Serene Creek
430000,Dwelling,7,11,Peaceful Glen
400000,Dwelling,7,10,Pleasant Valley
246000,Dwelling,7,10,Pleasant Valley
530000,Dwelling,7,10,Peaceful Glen
315000,Dwelling,7,10,Pleasant Valley
497631,Dwelling,7,9,Pleasant Valley
327500,Dwelling,7,9,Pleasant Valley
232500,Dwelling,7,9,Quiet Hill
715000,Dwelling,7,9,Pleasant Valley
279675,Dwelling,7,9,Pleasant Valley
420000,Dwelling,7,6,Pleasant Valley
150000,Dwelling,7,6,Serene Creek
330000,Dwelling,7,6,Pleasant Valley
316500,Dwelling,7,6,Pleasant Valley
412000,Dwelling,7,6,Peaceful Glen
400000,Dwelling,7,6,Pleasant Valley
378000,Dwelling,7,6,Pleasant Valley
372500,Dwelling,7,6,Serene Creek
350000,Dwelling,7,6,Peaceful Glen
419000,Dwelling,7,6,Pleasant Valley
235000,Mobile Home,7,6,Peaceful Glen
450000,Mobile Home,7,6,Quiet Hill
717000,Dwelling,7,5,Pleasant Valley
326000,Dwelling,7,5,Peaceful Glen
390000,Dwelling,7,5,Serene Creek
260000,Dwelling,7,5,Serene Creek
12500,Mobile Home,7,4,Serene Creek
285000,Dwelling,7,3,Peaceful Glen
190000,Dwelling,7,3,Quiet Hill
325000,Dwelling,7,3,Pleasant Valley
385000,Dwelling,7,3,Pleasant Valley
285500,Dwelling,7,3,Peaceful Glen
360000,Dwelling,7,3,Pleasant Valley
484500,Dwelling,7,3,Pleasant Valley
335000,Dwelling,7,3,Peaceful Glen
405000,Dwelling,7,3,Serene Creek
683000,Dwelling,7,3,Pleasant Valley
510000,Dwelling,7,2,Pleasant Valley
200000,Dwelling,7,2,Serene Creek
332500,Dwelling,7,2,Serene Creek
449000,Dwelling,7,2,Peaceful Glen
385500,Dwelling,7,2,Quiet Hill
362900,Dwelling,7,2,Pleasant Valley
325000,Dwelling,7,2,Peaceful Glen
400000,Dwelling,7,2,Serene Creek
755000,Dwelling,7,2,Pleasant Valley
384000,Dwelling,7,2,Serene Creek
439900,Dwelling,7,2,Peaceful Glen
795000,Dwelling,7,2,Pleasant Valley
15000,Mobile Home,7,1,Pleasant Valley
310000,Dwelling,6,29,Pleasant Valley
310000,Dwelling,6,29,Peaceful Glen
160000,Dwelling,6,29,Quiet Hill
610000,Dwelling,6,29,Serene Creek
294000,Dwelling,6,29,Quiet Hill
415000,Dwelling,6,29,Peaceful Glen
240000,Dwelling,6,29,Pleasant Valley
330000,Dwelling,6,29,Serene Creek
307500,Dwelling,6,29,Pleasant Valley
399000,Dwelling,6,29,Serene Creek
245000,Dwelling,6,29,Serene Creek
566000,Dwelling,6,29,Peaceful Glen
399000,Dwelling,6,29,Pleasant Valley
380000,Dwelling,6,29,Peaceful Glen
507000,Dwelling,6,29,Serene Creek
435000,Dwelling,6,29,Pleasant Valley
312500,Dwelling,6,29,Pleasant Valley
435000,Dwelling,6,29,Quiet Hill
259900,Dwelling,6,29,Quiet Hill
245000,Dwelling,6,29,Pleasant Valley
403750,Dwelling,6,29,Serene Creek
495000,Dwelling,6,29,Pleasant Valley
300000,Dwelling,6,29,Pleasant Valley
765000,Dwelling,6,29,Peaceful Glen
295000,Dwelling,6,29,Quiet Hill
393000,Dwelling,6,29,Serene Creek
35000,Mobile Home,6,29,Pleasant Valley
305000,Dwelling,6,28,Pleasant Valley
324350,Dwelling,6,28,Serene Creek
369500,Dwelling,6,28,Pleasant Valley
215000,Dwelling,6,28,Pleasant Valley
285000,Dwelling,6,28,Serene Creek
384900,Dwelling,6,28,Pleasant Valley
373800,Dwelling,6,28,Serene Creek
535000,Dwelling,6,28,Pleasant Valley
329000,Dwelling,6,28,Pleasant Valley
175000,Dwelling,6,28,Quiet Hill
236000,Mobile Home,6,28,Quiet Hill
331000,Dwelling,6,28,Peaceful Glen
215000,Mobile Home,6,28,Serene Creek
452185,Dwelling,6,28,Serene Creek
408000,Dwelling,6,27,Peaceful Glen
535000,Dwelling,6,27,Serene Creek
537000,Dwelling,6,27,Serene Creek
280000,Dwelling,6,27,Peaceful Glen
305000,Dwelling,6,26,Pleasant Valley
330000,Dwelling,6,26,Peaceful Glen
465900,Dwelling,6,26,Pleasant Valley
408000,Dwelling,6,25,Serene Creek
245000,Commercial,6,25,Quiet Hill
322005,Dwelling,6,25,Serene Creek
105000,Mobile Home,6,25,Quiet Hill
190000,Dwelling,6,25,Pleasant Valley
1228000,Commercial,6,25,Pleasant Valley
325000,Dwelling,6,25,Pleasant Valley
750000,Dwelling,6,25,Pleasant Valley
255000,Dwelling,6,25,Peaceful Glen
39900,Mobile Home,6,25,Serene Creek
105000,Mobile Home,6,25,Quiet Hill
438850,Dwelling,6,22,Pleasant Valley
210000,Dwelling,6,22,Serene Creek
665000,Dwelling,6,22,Peaceful Glen
343000,Dwelling,6,22,Peaceful Glen
231000,Dwelling,6,22,Pleasant Valley
324090,Dwelling,6,22,Peaceful Glen
1160000,Commercial,6,22,Pleasant Valley
1160000,Commercial,6,22,Pleasant Valley
410000,Dwelling,6,21,Peaceful Glen
521000,Dwelling,6,21,Peaceful Glen
490000,Dwelling,6,21,Pleasant Valley
420000,Mobile Home,6,21,Pleasant Valley
170000,Dwelling,6,20,Peaceful Glen
458500,Dwelling,6,20,Peaceful Glen
282500,Dwelling,6,20,Pleasant Valley
371500,Dwelling,6,20,Pleasant Valley
333000,Dwelling,6,20,Pleasant Valley
219000,Dwelling,6,20,Serene Creek
65000,Mobile Home,6,20,Pleasant Valley
170000,Mobile Home,6,20,Peaceful Glen
452000,Dwelling,6,19,Serene Creek
288000,Dwelling,6,19,Peaceful Glen
330000,Dwelling,6,19,Pleasant Valley
310000,Dwelling,6,19,Pleasant Valley
19800000,Commercial,6,19,Serene Creek
455000,Dwelling,6,19,Quiet Hill
220000,Dwelling,6,18,Serene Creek
385000,Dwelling,6,18,Pleasant Valley
430000,Dwelling,6,18,Pleasant Valley
289500,Dwelling,6,18,Pleasant Valley
355500,Dwelling,6,15,Pleasant Valley
475000,Dwelling,6,15,Peaceful Glen
243000,Dwelling,6,15,Peaceful Glen
425000,Dwelling,6,15,Pleasant Valley
295000,Dwelling,6,15,Pleasant Valley
395500,Dwelling,6,15,Peaceful Glen
699000,Dwelling,6,15,Pleasant Valley
370000,Dwelling,6,15,Pleasant Valley
512500,Dwelling,6,15,Pleasant Valley
226320,Dwelling,6,15,Pleasant Valley
206000,Dwelling,6,15,Serene Creek
515000,Dwelling,6,15,Quiet Hill
615000,Dwelling,6,15,Serene Creek
230000,Dwelling,6,15,Pleasant Valley
335000,Dwelling,6,15,Peaceful Glen
648000,Dwelling,6,15,Peaceful Glen
17000,Mobile Home,6,15,Pleasant Valley
37500,Mobile Home,6,15,Pleasant Valley
65000,Mobile Home,6,15,Quiet Hill
360100,Dwelling,6,14,Serene Creek
638000,Dwelling,6,14,Serene Creek
400000,Dwelling,6,14,Quiet Hill
1960000,Commercial,6,14,Pleasant Valley
280000,Dwelling,6,14,Serene Creek
267000,Dwelling,6,14,Pleasant Valley
20000,Mobile Home,6,14,Pleasant Valley
38000,Mobile Home,6,14,Pleasant Valley
365000,Dwelling,6,13,Peaceful Glen
165000,Dwelling,6,13,Serene Creek
250900,Dwelling,6,13,Peaceful Glen
340000,Dwelling,6,13,Serene Creek
410000,Dwelling,6,12,Serene Creek
159000,Dwelling,6,12,Pleasant Valley
327500,Dwelling,6,12,Peaceful Glen
2575000,Commercial,6,12,Pleasant Valley
145000,Dwelling,6,11,Quiet Hill
241000,Dwelling,6,11,Serene Creek
222000,Dwelling,6,11,Serene Creek
298000,Dwelling,6,11,Serene Creek
189500,Dwelling,6,11,Peaceful Glen
249500,Dwelling,6,11,Peaceful Glen
300000,Dwelling,6,11,Serene Creek
399000,Dwelling,6,11,Serene Creek
284000,Dwelling,6,8,Quiet Hill
300000,Dwelling,6,8,Serene Creek
490000,Dwelling,6,8,Serene Creek
225000,Dwelling,6,8,Serene Creek
324950,Dwelling,6,8,Pleasant Valley
369950,Dwelling,6,8,Peaceful Glen
615000,Dwelling,6,8,Pleasant Valley
95200,Mobile Home,6,8,Pleasant Valley
60000,Mobile Home,6,8,Pleasant Valley
160000,Dwelling,6,7,Serene Creek
575000,Dwelling,6,7,Pleasant Valley
350000,Dwelling,6,7,Serene Creek
359000,Dwelling,6,6,Peaceful Glen
280000,Dwelling,6,6,Quiet Hill
215000,Mobile Home,6,6,Serene Creek
1400,Mobile Home,6,6,Pleasant Valley
393000,Dwelling,6,5,Serene Creek
290000,Dwelling,6,5,Quiet Hill
495000,Dwelling,6,4,Peaceful Glen
404500,Dwelling,6,4,Peaceful Glen
300000,Dwelling,6,4,Peaceful Glen
492000,Dwelling,6,4,Pleasant Valley
176000,Dwelling,6,1,Serene Creek
177500,Dwelling,6,1,Serene Creek
270000,Dwelling,6,1,Peaceful Glen
609000,Dwelling,6,1,Serene Creek
340000,Dwelling,6,1,Pleasant Valley
940000,Dwelling,6,1,Pleasant Valley
940000,Dwelling,6,1,Pleasant Valley
241000,Dwelling,6,1,Quiet Hill
415000,Dwelling,6,1,Peaceful Glen
400000,Dwelling,5,31,Serene Creek
250000,Dwelling,5,31,Pleasant Valley
184500,Dwelling,5,31,Serene Creek
367000,Dwelling,5,31,Pleasant Valley
265000,Dwelling,5,31,Serene Creek
340000,Dwelling,5,31,Pleasant Valley
475000,Dwelling,5,31,Pleasant Valley
305000,Dwelling,5,31,Pleasant Valley
315000,Dwelling,5,31,Serene Creek
372000,Dwelling,5,31,Pleasant Valley
300000,Dwelling,5,31,Pleasant Valley
558000,Dwelling,5,31,Serene Creek
420000,Dwelling,5,31,Quiet Hill
430000,Dwelling,5,31,Pleasant Valley
490000,Dwelling,5,31,Quiet Hill
255000,Dwelling,5,31,Serene Creek
495000,Dwelling,5,31,Pleasant Valley
300000,Commercial,5,31,Serene Creek
395000,Dwelling,5,30,Serene Creek
395000,Dwelling,5,30,Peaceful Glen
450000,Dwelling,5,30,Serene Creek
485000,Dwelling,5,30,Peaceful Glen
183640,Dwelling,5,30,Pleasant Valley
300000,Dwelling,5,29,Pleasant Valley
414900,Dwelling,5,29,Serene Creek
364600,Dwelling,5,29,Serene Creek
295000,Dwelling,5,29,Pleasant Valley
265000,Dwelling,5,29,Serene Creek
252000,Dwelling,5,29,Pleasant Valley
344500,Dwelling,5,29,Peaceful Glen
15000,Dwelling,5,29,Peaceful Glen
500000,Dwelling,5,29,Peaceful Glen
573300,Dwelling,5,29,Peaceful Glen
265000,Dwelling,5,29,Quiet Hill
427500,Dwelling,5,25,Peaceful Glen
349000,Dwelling,5,25,Pleasant Valley
505857,Dwelling,5,25,Pleasant Valley
303000,Dwelling,5,25,Pleasant Valley
269000,Commercial,5,25,Pleasant Valley
269809,Dwelling,5,25,Peaceful Glen
230000,Dwelling,5,25,Serene Creek
310000,Dwelling,5,25,Serene Creek
361000,Dwelling,5,25,Pleasant Valley
342500,Dwelling,5,25,Peaceful Glen
212000,Dwelling,5,25,Peaceful Glen
425000,Dwelling,5,25,Peaceful Glen
312000,Dwelling,5,25,Pleasant Valley
399900,Dwelling,5,25,Pleasant Valley
322400,Dwelling,5,25,Peaceful Glen
341990,Dwelling,5,24,Peaceful Glen
320000,Mobile Home,5,24,Serene Creek
723000,Dwelling,5,23,Quiet Hill
350000,Dwelling,5,23,Serene Creek
585000,Dwelling,5,23,Pleasant Valley
344206,Dwelling,5,23,Peaceful Glen
358000,Dwelling,5,23,Peaceful Glen
5000,Mobile Home,5,22,Pleasant Valley
253800,Dwelling,5,21,Peaceful Glen
315500,Dwelling,5,21,Pleasant Valley
62000,Mobile Home,5,21,Quiet Hill
226500,Dwelling,5,18,Serene Creek
332500,Dwelling,5,18,Serene Creek
306700,Dwelling,5,18,Pleasant Valley
97000,Dwelling,5,18,Quiet Hill
650000,Commercial,5,18,Serene Creek
275000,Dwelling,5,18,Pleasant Valley
300000,Dwelling,5,17,Pleasant Valley
741425,Dwelling,5,17,Serene Creek
280000,Dwelling,5,17,Peaceful Glen
316000,Dwelling,5,17,Quiet Hill
369000,Dwelling,5,17,Peaceful Glen
451000,Dwelling,5,17,Pleasant Valley
343000,Dwelling,5,17,Peaceful Glen
480000,Dwelling,5,17,Serene Creek
510000,Dwelling,5,17,Serene Creek
325000,Dwelling,5,17,Peaceful Glen
187630,Dwelling,5,16,Serene Creek
400000,Dwelling,5,16,Serene Creek
235000,Dwelling,5,15,Pleasant Valley
251000,Dwelling,5,15,Serene Creek
485000,Dwelling,5,15,Pleasant Valley
425000,Dwelling,5,15,Serene Creek
425000,Dwelling,5,15,Serene Creek
241348,Dwelling,5,15,Pleasant Valley
425000,Dwelling,5,15,Serene Creek
395000,Dwelling,5,15,Pleasant Valley
269000,Dwelling,5,14,Peaceful Glen
28598,Dwelling,5,14,Peaceful Glen
700000,Dwelling,5,14,Quiet Hill
590000,Dwelling,5,14,Quiet Hill
275000,Commercial,5,11,Quiet Hill
230000,Mobile Home,5,11,Peaceful Glen
434000,Dwelling,5,11,Pleasant Valley
591500,Dwelling,5,11,Pleasant Valley
340000,Dwelling,5,11,Peaceful Glen
295000,Dwelling,5,11,Peaceful Glen
203788,Dwelling,5,11,Pleasant Valley
295000,Dwelling,5,10,Pleasant Valley
444900,Dwelling,5,10,Quiet Hill
425000,Dwelling,5,10,Quiet Hill
359500,Dwelling,5,9,Serene Creek
565000,Dwelling,5,9,Pleasant Valley
270000,Dwelling,5,9,Serene Creek
233000,Dwelling,5,9,Serene Creek
427000,Dwelling,5,8,Pleasant Valley
299500,Dwelling,5,8,Peaceful Glen
352000,Dwelling,5,7,Pleasant Valley
300000,Dwelling,5,4,Pleasant Valley
582000,Dwelling,5,4,Serene Creek
750000,Dwelling,5,4,Quiet Hill
285000,Dwelling,5,4,Pleasant Valley
400000,Dwelling,5,4,Pleasant Valley
560000,Dwelling,5,4,Serene Creek
582500,Dwelling,5,4,Pleasant Valley
35000,Mobile Home,5,4,Pleasant Valley
610000,Dwelling,5,3,Pleasant Valley
805000,Dwelling,5,2,Peaceful Glen
160000,Dwelling,5,1,Peaceful Glen
235300,Dwelling,5,1,Pleasant Valley
560000,Dwelling,5,1,Pleasant Valley
4500,Mobile Home,5,1,Quiet Hill
385000,Dwelling,4,30,Pleasant Valley
380000,Dwelling,4,30,Serene Creek
347900,Dwelling,4,30,Pleasant Valley
560000,Dwelling,4,30,Pleasant Valley
254000,Dwelling,4,30,Pleasant Valley
140000,Dwelling,4,30,Serene Creek
365000,Dwelling,4,30,Pleasant Valley
335000,Dwelling,4,30,Serene Creek
425000,Dwelling,4,30,Pleasant Valley
429382,Dwelling,4,30,Pleasant Valley
185000,Dwelling,4,30,Pleasant Valley
465000,Dwelling,4,30,Peaceful Glen
1800000,Commercial,4,30,Serene Creek
19000,Mobile Home,4,30,Pleasant Valley
228000,Mobile Home,4,27,Pleasant Valley
326000,Dwelling,4,27,Pleasant Valley
795000,Dwelling,4,27,Peaceful Glen
275000,Dwelling,4,27,Pleasant Valley
1130000,Commercial,4,27,Pleasant Valley
225000,Dwelling,4,27,Pleasant Valley
312000,Dwelling,4,27,Peaceful Glen
257000,Dwelling,4,27,Pleasant Valley
288620,Dwelling,4,27,Peaceful Glen
660000,Dwelling,4,27,Pleasant Valley
285000,Dwelling,4,27,Pleasant Valley
364900,Dwelling,4,27,Serene Creek
303000,Dwelling,4,27,Peaceful Glen
390000,Dwelling,4,27,Pleasant Valley
494000,Dwelling,4,26,Pleasant Valley
315000,Dwelling,4,26,Pleasant Valley
260000,Dwelling,4,26,Peaceful Glen
325000,Dwelling,4,24,Pleasant Valley
315000,Dwelling,4,24,Peaceful Glen
315000,Dwelling,4,24,Pleasant Valley
505800,Dwelling,4,24,Pleasant Valley
7750,Mobile Home,4,24,Quiet Hill
358850,Dwelling,4,23,Serene Creek
531375,Dwelling,4,23,Pleasant Valley
255000,Mobile Home,4,23,Pleasant Valley
255000,Mobile Home,4,23,Pleasant Valley
275000,Dwelling,4,20,Quiet Hill
283500,Dwelling,4,20,Serene Creek
720000,Dwelling,4,20,Serene Creek
565000,Dwelling,4,20,Serene Creek
280000,Dwelling,4,20,Peaceful Glen
310000,Dwelling,4,20,Peaceful Glen
395000,Dwelling,4,20,Serene Creek
758177,Dwelling,4,20,Pleasant Valley
329000,Dwelling,4,20,Pleasant Valley
17500,Mobile Home,4,20,Serene Creek
241500,Mobile Home,4,19,Serene Creek
295000,Dwelling,4,19,Serene Creek
255000,Dwelling,4,19,Pleasant Valley
270000,Dwelling,4,19,Peaceful Glen
264900,Dwelling,4,19,Peaceful Glen
12000,Mobile Home,4,19,Pleasant Valley
234000,Dwelling,4,18,Serene Creek
324500,Dwelling,4,17,Quiet Hill
263000,Dwelling,4,17,Pleasant Valley
515000,Dwelling,4,17,Serene Creek
320000,Dwelling,4,17,Pleasant Valley
299000,Dwelling,4,17,Pleasant Valley
120000,Commercial,4,16,Serene Creek
116000,Mobile Home,4,16,Quiet Hill
610000,Dwelling,4,13,Serene Creek
335000,Dwelling,4,13,Peaceful Glen
1950000,Commercial,4,13,Pleasant Valley
278000,Dwelling,4,13,Peaceful Glen
269950,Dwelling,4,13,Serene Creek
408000,Dwelling,4,13,Serene Creek
563000,Dwelling,4,13,Peaceful Glen
299900,Dwelling,4,13,Peaceful Glen
675000,Dwelling,4,13,Peaceful Glen
345000,Dwelling,4,13,Peaceful Glen
99900,Mobile Home,4,13,Pleasant Valley
8500,Mobile Home,4,13,Serene Creek
32500,Mobile Home,4,13,Pleasant Valley
400000,Dwelling,4,12,Pleasant Valley
75500,Dwelling,4,12,Quiet Hill
399000,Dwelling,4,12,Serene Creek
289000,Dwelling,4,12,Serene Creek
345000,Dwelling,4,12,Pleasant Valley
331000,Dwelling,4,12,Pleasant Valley
400000,Dwelling,4,12,Peaceful Glen
295000,Dwelling,4,12,Peaceful Glen
30000,Mobile Home,4,12,Serene Creek
280000,Dwelling,4,11,Serene Creek
275000,Dwelling,4,11,Serene Creek
590000,Dwelling,4,11,Serene Creek
550000,Dwelling,4,11,Peaceful Glen
415000,Dwelling,4,10,Pleasant Valley
241001,Dwelling,4,10,Pleasant Valley
426000,Dwelling,4,10,Peaceful Glen
385000,Dwelling,4,10,Serene Creek
180000,Dwelling,4,10,Pleasant Valley
78700,Mobile Home,4,10,Pleasant Valley
239780,Dwelling,4,9,Quiet Hill
656553,Dwelling,4,9,Peaceful Glen
451000,Dwelling,4,9,Pleasant Valley
317000,Dwelling,4,9,Peaceful Glen
5000,Mobile Home,4,9,Pleasant Valley
435000,Dwelling,4,6,Pleasant Valley
215000,Dwelling,4,6,Peaceful Glen
191200,Dwelling,4,6,Pleasant Valley
534000,Dwelling,4,6,Pleasant Valley
413000,Dwelling,4,6,Peaceful Glen
540000,Dwelling,4,6,Serene Creek
275000,Dwelling,4,6,Pleasant Valley
552900,Dwelling,4,6,Peaceful Glen
255000,Dwelling,4,5,Peaceful Glen
225000,Dwelling,4,5,Pleasant Valley
363000,Dwelling,4,4,Pleasant Valley
430000,Dwelling,4,3,Peaceful Glen
240000,Dwelling,4,3,Quiet Hill
302000,Dwelling,4,2,Pleasant Valley
220500,Dwelling,4,2,Peaceful Glen
168081,Mobile Home,4,2,Pleasant Valley
15500,Mobile Home,4,1,Pleasant Valley
50000,Mobile Home,4,1,Serene Creek
8000,Mobile Home,4,1,Serene Creek
425000,Dwelling,3,30,Pleasant Valley
588000,Dwelling,3,30,Serene Creek
320000,Dwelling,3,30,Serene Creek
375000,Dwelling,3,30,Pleasant Valley
349000,Dwelling,3,30,Peaceful Glen
466110,Dwelling,3,30,Peaceful Glen
351000,Dwelling,3,30,Pleasant Valley
2675000,Commercial,3,30,Pleasant Valley
231500,Dwelling,3,30,Serene Creek
294900,Dwelling,3,30,Serene Creek
475000,Dwelling,3,30,Peaceful Glen
504500,Dwelling,3,30,Peaceful Glen
305493,Dwelling,3,29,Peaceful Glen
358000,Dwelling,3,29,Pleasant Valley
79500,Mobile Home,3,29,Pleasant Valley
3675000,Commercial,3,28,Pleasant Valley
309750,Dwelling,3,28,Peaceful Glen
390000,Dwelling,3,28,Pleasant Valley
227500,Dwelling,3,28,Serene Creek
5000,Mobile Home,3,28,Pleasant Valley
902000,Dwelling,3,26,Peaceful Glen
245000,Dwelling,3,23,Serene Creek
472500,Dwelling,3,23,Pleasant Valley
309000,Dwelling,3,23,Pleasant Valley
365000,Dwelling,3,23,Quiet Hill
755000,Dwelling,3,23,Serene Creek
80000,Dwelling,3,23,Quiet Hill
488174,Dwelling,3,23,Quiet Hill
573500,Dwelling,3,23,Pleasant Valley
169800,Mobile Home,3,23,Quiet Hill
600000,Dwelling,3,23,Peaceful Glen
60000,Dwelling,3,22,Peaceful Glen
316000,Dwelling,3,22,Peaceful Glen
535000,Dwelling,3,22,Serene Creek
302500,Dwelling,3,22,Pleasant Valley
331000,Dwelling,3,22,Pleasant Valley
239357,Dwelling,3,21,Quiet Hill
271000,Dwelling,3,21,Peaceful Glen
234824,Dwelling,3,21,Quiet Hill
395000,Dwelling,3,20,Quiet Hill
545000,Dwelling,3,20,Pleasant Valley
68608,Dwelling,3,20,Peaceful Glen
68608,Dwelling,3,20,Peaceful Glen
74000,Mobile Home,3,20,Pleasant Valley
240000,Dwelling,3,19,Serene Creek
294401,Dwelling,3,19,Peaceful Glen
482500,Dwelling,3,19,Pleasant Valley
435000,Dwelling,3,19,Serene Creek
285000,Dwelling,3,19,Serene Creek
375000,Dwelling,3,16,Pleasant Valley
424900,Dwelling,3,16,Serene Creek
410000,Dwelling,3,16,Serene Creek
268500,Dwelling,3,15,Pleasant Valley
413350,Dwelling,3,15,Pleasant Valley
529000,Dwelling,3,15,Serene Creek
191200,Dwelling,3,15,Pleasant Valley
588150,Dwelling,3,15,Serene Creek
270000,Dwelling,3,15,Serene Creek
263000,Dwelling,3,15,Quiet Hill
550000,Dwelling,3,15,Pleasant Valley
408000,Dwelling,3,15,Pleasant Valley
400000,Dwelling,3,14,Pleasant Valley
348396,Dwelling,3,14,Peaceful Glen
263000,Dwelling,3,13,Pleasant Valley
477500,Dwelling,3,13,Serene Creek
505000,Dwelling,3,13,Pleasant Valley
263000,Dwelling,3,13,Pleasant Valley
350000,Dwelling,3,13,Peaceful Glen
380000,Dwelling,3,13,Peaceful Glen
380000,Dwelling,3,12,Serene Creek
140000,Mobile Home,3,12,Peaceful Glen
450000,Dwelling,3,12,Serene Creek
450000,Dwelling,3,12,Peaceful Glen
3500000,Commercial,3,12,Pleasant Valley
8500000,Commercial,3,12,Serene Creek
8500000,Commercial,3,12,Serene Creek
8500000,Commercial,3,12,Serene Creek
171750,Dwelling,3,12,Serene Creek
395000,Dwelling,3,12,Pleasant Valley
15000,Dwelling,3,9,Pleasant Valley
274260,Dwelling,3,9,Quiet Hill
295500,Dwelling,3,9,Pleasant Valley
461000,Dwelling,3,9,Peaceful Glen
302000,Dwelling,3,9,Pleasant Valley
440000,Dwelling,3,9,Peaceful Glen
485000,Dwelling,3,9,Serene Creek
6000,Mobile Home,3,9,Pleasant Valley
450000,Dwelling,3,8,Pleasant Valley
226587,Dwelling,3,8,Peaceful Glen
229900,Dwelling,3,8,Peaceful Glen
391500,Dwelling,3,8,Serene Creek
300000,Dwelling,3,7,Peaceful Glen
185000,Mobile Home,3,7,Serene Creek
380000,Dwelling,3,7,Pleasant Valley
50000,Dwelling,3,7,Serene Creek
280000,Dwelling,3,7,Pleasant Valley
750000,Dwelling,3,7,Serene Creek
274260,Mobile Home,3,7,Quiet Hill
326597,Dwelling,3,6,Peaceful Glen
350000,Dwelling,3,5,Pleasant Valley
585000,Dwelling,3,5,Serene Creek
620000,Dwelling,3,2,Pleasant Valley
394000,Dwelling,3,2,Pleasant Valley
275000,Dwelling,3,2,Pleasant Valley
300990,Dwelling,3,2,Peaceful Glen
393500,Dwelling,3,2,Serene Creek
180000,Dwelling,3,2,Pleasant Valley
324547,Dwelling,3,1,Peaceful Glen
750000,Dwelling,2,28,Serene Creek
340000,Dwelling,2,28,Peaceful Glen
404000,Dwelling,2,28,Serene Creek
365500,Dwelling,2,28,Pleasant Valley
274100,Dwelling,2,28,Peaceful Glen
363000,Dwelling,2,28,Pleasant Valley
850000,Dwelling,2,28,Pleasant Valley
8900,Mobile Home,2,28,Pleasant Valley
233000,Dwelling,2,27,Quiet Hill
265350,Dwelling,2,26,Pleasant Valley
50000,Dwelling,2,26,Serene Creek
319900,Dwelling,2,26,Pleasant Valley
295000,Dwelling,2,26,Quiet Hill
410000,Dwelling,2,26,Serene Creek
40000,Mobile Home,2,25,Pleasant Valley
525000,Dwelling,2,23,Pleasant Valley
383140,Dwelling,2,23,Peaceful Glen
379000,Dwelling,2,23,Serene Creek
365000,Dwelling,2,23,Serene Creek
353279,Dwelling,2,22,Peaceful Glen
485000,Dwelling,2,22,Pleasant Valley
375003,Dwelling,2,22,Pleasant Valley
319500,Dwelling,2,22,Quiet Hill
204000,Dwelling,2,21,Pleasant Valley
372000,Dwelling,2,20,Serene Creek
260000,Dwelling,2,20,Peaceful Glen
750000,Dwelling,2,20,Quiet Hill
228575,Dwelling,2,20,Pleasant Valley
158879,Dwelling,2,16,Pleasant Valley
2035000,Commercial,2,16,Pleasant Valley
224200,Dwelling,2,16,Peaceful Glen
45185,Dwelling,2,16,Peaceful Glen
231250,Dwelling,2,16,Pleasant Valley
260000,Dwelling,2,16,Pleasant Valley
24000,Mobile Home,2,16,Serene Creek
359000,Dwelling,2,15,Peaceful Glen
181568,Dwelling,2,15,Pleasant Valley
209500,Dwelling,2,15,Quiet Hill
306000,Dwelling,2,14,Peaceful Glen
387500,Dwelling,2,14,Serene Creek
549230,Dwelling,2,14,Serene Creek
298000,Dwelling,2,14,Quiet Hill
400000,Dwelling,2,14,Pleasant Valley
334500,Dwelling,2,13,Pleasant Valley
162000,Dwelling,2,12,Serene Creek
1110000,Dwelling,2,12,Pleasant Valley
389000,Dwelling,2,12,Serene Creek
366900,Dwelling,2,12,Pleasant Valley
309000,Dwelling,2,12,Pleasant Valley
4000,Mobile Home,2,11,Pleasant Valley
749900,Dwelling,2,9,Pleasant Valley
249000,Dwelling,2,9,Peaceful Glen
545000,Dwelling,2,9,Peaceful Glen
295000,Dwelling,2,9,Pleasant Valley
545000,Dwelling,2,8,Serene Creek
420000,Dwelling,2,8,Pleasant Valley
197250,Mobile Home,2,8,Pleasant Valley
365850,Dwelling,2,7,Pleasant Valley
155800,Dwelling,2,7,Serene Creek
255500,Dwelling,2,7,Pleasant Valley
414000,Dwelling,2,7,Serene Creek
342500,Dwelling,2,6,Peaceful Glen
469265,Dwelling,2,6,Peaceful Glen
469265,Dwelling,2,6,Peaceful Glen
260000,Dwelling,2,6,Peaceful Glen
58888,Mobile Home,2,6,Serene Creek
565000,Dwelling,2,5,Pleasant Valley
335000,Dwelling,2,5,Pleasant Valley
625000,Dwelling,2,2,Pleasant Valley
280000,Dwelling,2,2,Serene Creek
280000,Dwelling,2,2,Pleasant Valley
315000,Dwelling,2,2,Pleasant Valley
325000,Dwelling,2,2,Peaceful Glen
316986,Dwelling,2,2,Pleasant Valley
341620,Dwelling,2,2,Peaceful Glen
12000,Mobile Home,2,2,Pleasant Valley
480000,Dwelling,2,1,Serene Creek
400000,Commercial,2,1,Quiet Hill
400000,Commercial,2,1,Quiet Hill
898000,Dwelling,2,1,Serene Creek
484000,Dwelling,1,31,Serene Creek
474000,Dwelling,1,31,Serene Creek
215000,Dwelling,1,31,Pleasant Valley
428000,Dwelling,1,31,Quiet Hill
310000,Dwelling,1,31,Pleasant Valley
239000,Dwelling,1,31,Serene Creek
412000,Dwelling,1,31,Peaceful Glen
5539,Mobile Home,1,31,Serene Creek
62000,Mobile Home,1,31,Pleasant Valley
389900,Dwelling,1,30,Pleasant Valley
420000,Dwelling,1,30,Peaceful Glen
290000,Dwelling,1,30,Pleasant Valley
324900,Dwelling,1,30,Peaceful Glen
140000,Mobile Home,1,30,Quiet Hill
300000,Dwelling,1,29,Pleasant Valley
898000,Dwelling,1,26,Quiet Hill
258000,Dwelling,1,26,Pleasant Valley
80000,Dwelling,1,26,Quiet Hill
349000,Dwelling,1,26,Peaceful Glen
184000,Mobile Home,1,26,Peaceful Glen
295000,Dwelling,1,26,Serene Creek
625000,Dwelling,1,25,Peaceful Glen
699900,Dwelling,1,25,Pleasant Valley
165500,Dwelling,1,25,Serene Creek
304898,Dwelling,1,24,Peaceful Glen
539019,Dwelling,1,23,Serene Creek
1000000,Commercial,1,22,Pleasant Valley
349000,Dwelling,1,22,Peaceful Glen
180000,Mobile Home,1,19,Serene Creek
1550000,Dwelling,1,19,Pleasant Valley
335000,Dwelling,1,19,Peaceful Glen
425000,Dwelling,1,18,Pleasant Valley
185000,Dwelling,1,18,Pleasant Valley
539000,Dwelling,1,18,Serene Creek
333530,Dwelling,1,18,Peaceful Glen
349000,Dwelling,1,17,Serene Creek
500000,Dwelling,1,17,Peaceful Glen
290000,Dwelling,1,17,Serene Creek
440000,Dwelling,1,17,Serene Creek
255000,Dwelling,1,17,Quiet Hill
365000,Dwelling,1,16,Pleasant Valley
18500,Mobile Home,1,15,Pleasant Valley
350000,Dwelling,1,12,Pleasant Valley
521500,Dwelling,1,12,Pleasant Valley
670000,Dwelling,1,12,Pleasant Valley
860000,Dwelling,1,12,Pleasant Valley
290500,Dwelling,1,12,Pleasant Valley
315000,Dwelling,1,12,Pleasant Valley
375000,Dwelling,1,12,Peaceful Glen
273000,Dwelling,1,12,Serene Creek
399000,Dwelling,1,12,Serene Creek
530000,Dwelling,1,12,Pleasant Valley
333000,Dwelling,1,11,Quiet Hill
173000,Dwelling,1,11,Serene Creek
288000,Dwelling,1,11,Serene Creek
515000,Dwelling,1,11,Pleasant Valley
315000,Commercial,1,11,Serene Creek
445000,Dwelling,1,11,Serene Creek
438000,Dwelling,1,11,Serene Creek
115000,Dwelling,1,10,Quiet Hill
417000,Dwelling,1,10,Serene Creek
430000,Dwelling,1,10,Pleasant Valley
263000,Dwelling,1,10,Peaceful Glen
21769,Mobile Home,1,10,Pleasant Valley
225000,Mobile Home,1,9,Quiet Hill
264900,Dwelling,1,9,Peaceful Glen
49950,Mobile Home,1,9,Serene Creek
1501000,Commercial,1,8,Serene Creek
164900,Mobile Home,1,8,Quiet Hill
287000,Dwelling,1,5,Serene Creek
354500,Dwelling,1,5,Pleasant Valley
500000,Dwelling,1,5,Pleasant Valley
400000,Dwelling,1,5,Pleasant Valley
537500,Dwelling,1,5,Serene Creek
675000,Dwelling,1,5,Peaceful Glen
300000,Dwelling,1,5,Peaceful Glen
4146560,Commercial,1,4,Pleasant Valley
700000,Commercial,1,4,Quiet Hill
495000,Dwelling,1,4,Pleasant Valley
258000,Dwelling,1,4,Quiet Hill
447000,Dwelling,1,4,Peaceful Glen
373500,Dwelling,1,4,Peaceful Glen
245000,Dwelling,1,2,Pleasant Valley
291500,Dwelling,1,2,Pleasant Valley
340000,Dwelling,1,2,Pleasant Valley
250000,Dwelling,1,2,Pleasant Valley
